snapshot_id,stratum,strategy,actual_sample_nfe,budget_slack,generated_suffixes,gain_over_no_branch,score_mean_best_progress,wall_clock_seconds
1e0cfb26fd447667b1facf7f1082ed5a38e17e773b2faf047e8c031b8b780da7,hard,always_early,7200,0,64,0.008560466792193133,0.9268819346022966,46.87224008300109
1e0cfb26fd447667b1facf7f1082ed5a38e17e773b2faf047e8c031b8b780da7,hard,random,6696,504,88,0.011626001310990786,0.9299474691210943,60.86253827699875
1e0cfb26fd447667b1facf7f1082ed5a38e17e773b2faf047e8c031b8b780da7,hard,uniform_three_quantiles,6728,472,216,0.01273033790657685,0.9310518057166803,154.26015678799922
1e0cfb26fd447667b1facf7f1082ed5a38e17e773b2faf047e8c031b8b780da7,hard,oracle_local_crossfit,7200,0,80,0.011366828834877385,0.9296882966449809,55.07067538299998
21488bbdd15b9e7b78d7490ad18547fae04d693602416baa20270f7e4c2be1d0,hard,always_early,7200,0,64,0.004896243216290952,0.09468461386556704,11.716279598000256
21488bbdd15b9e7b78d7490ad18547fae04d693602416baa20270f7e4c2be1d0,hard,random,7064,136,232,0.009878808097214656,0.09966717874649074,38.629280952000045
21488bbdd15b9e7b78d7490ad18547fae04d693602416baa20270f7e4c2be1d0,hard,uniform_three_quantiles,6728,472,216,0.00739806611019217,0.09718643675946825,37.380057379999926
21488bbdd15b9e7b78d7490ad18547fae04d693602416baa20270f7e4c2be1d0,hard,oracle_local_crossfit,6848,352,112,0.006879108421171745,0.09666747907044783,20.002008499999647
28334f190fd9b999058a956dd54a3999ee41ab78963d6d3d7b185df9fd776bdd,ambiguous,always_early,7200,0,64,0.0016985341480980631,0.18248323668491687,11.534588518999954
28334f190fd9b999058a956dd54a3999ee41ab78963d6d3d7b185df9fd776bdd,ambiguous,random,6752,448,64,0.001730384409692809,0.1825150869465116,11.362010100001498
28334f190fd9b999058a956dd54a3999ee41ab78963d6d3d7b185df9fd776bdd,ambiguous,uniform_three_quantiles,6728,472,216,0.0021215890316972075,0.182906291568516,36.83759136400113
28334f190fd9b999058a956dd54a3999ee41ab78963d6d3d7b185df9fd776bdd,ambiguous,oracle_local_crossfit,6848,352,112,0.0018792184757689956,0.1826639210125878,19.676818255999024
2a18ccde7b353a56f68ec503388746930bd84289b9113acba946861497931258,ambiguous,always_early,7200,0,64,0.0015723818808595913,0.22868662496152894,11.342755226000008
2a18ccde7b353a56f68ec503388746930bd84289b9113acba946861497931258,ambiguous,random,6848,352,112,0.0011077066651108969,0.22822194974578025,18.993890006000584
2a18ccde7b353a56f68ec503388746930bd84289b9113acba946861497931258,ambiguous,uniform_three_quantiles,6728,472,216,0.001086716588002301,0.22820095966867165,38.369744417999755
2a18ccde7b353a56f68ec503388746930bd84289b9113acba946861497931258,ambiguous,oracle_local_crossfit,7064,136,72,0.0008392118542637772,0.22795345493493313,12.963862173000962
2dca320a1874d9d2eecd74ce1614a423e199d5fa4ed4b6bc3d6aaddd04a3062c,hard,always_early,7200,0,64,0.003966104302678047,0.14359190594050733,11.488147309999476
2dca320a1874d9d2eecd74ce1614a423e199d5fa4ed4b6bc3d6aaddd04a3062c,hard,random,7200,0,800,0.012638445897099837,0.15226424753492912,132.55825086599907
2dca320a1874d9d2eecd74ce1614a423e199d5fa4ed4b6bc3d6aaddd04a3062c,hard,uniform_three_quantiles,6728,472,216,0.008136456147151111,0.1477622577849804,36.949416509
2dca320a1874d9d2eecd74ce1614a423e199d5fa4ed4b6bc3d6aaddd04a3062c,hard,oracle_local_crossfit,7192,8,136,0.007700670373525259,0.14732647201135454,23.398615559999598
2ea5c12fc88f1342a3588a60dbab9f06f33566a8124a934eecc7c6b349097d08,ambiguous,always_early,7200,0,64,0.07842636128656344,0.7547271026041462,20.45313082499888
2ea5c12fc88f1342a3588a60dbab9f06f33566a8124a934eecc7c6b349097d08,ambiguous,random,7192,8,136,0.07188700600995324,0.748187747327536,39.9571025969999
2ea5c12fc88f1342a3588a60dbab9f06f33566a8124a934eecc7c6b349097d08,ambiguous,uniform_three_quantiles,6728,472,216,0.09329801002522353,0.7695987513428063,65.23335277700062
2ea5c12fc88f1342a3588a60dbab9f06f33566a8124a934eecc7c6b349097d08,ambiguous,oracle_local_crossfit,7200,0,80,0.09759683770666217,0.7738975790242449,23.260444540999742
37d4c3028ed403ed87a9db86b0ab35672b0a4b4c1307a24d50300ff705e976c6,hard,always_early,7200,0,64,1.1102230246251565e-16,0.8731322804670146,35.29706486699979
37d4c3028ed403ed87a9db86b0ab35672b0a4b4c1307a24d50300ff705e976c6,hard,random,7200,0,800,1.1102230246251565e-16,0.8731322804670146,436.4384429590009
37d4c3028ed403ed87a9db86b0ab35672b0a4b4c1307a24d50300ff705e976c6,hard,uniform_three_quantiles,6728,472,216,1.1102230246251565e-16,0.8731322804670146,123.45135311800004
37d4c3028ed403ed87a9db86b0ab35672b0a4b4c1307a24d50300ff705e976c6,hard,oracle_local_crossfit,7200,0,64,1.1102230246251565e-16,0.8731322804670146,35.43870128399976
3a77e4ef4c70dadfc77b51d929e5e78117ffb15d0cdd56e318b3f27539ccb5ad,ambiguous,always_early,7200,0,64,0.06496880564567709,0.6802284562668451,19.315496225999595
3a77e4ef4c70dadfc77b51d929e5e78117ffb15d0cdd56e318b3f27539ccb5ad,ambiguous,random,7184,16,304,0.09907183531436115,0.7143314859355292,87.92365757999869
3a77e4ef4c70dadfc77b51d929e5e78117ffb15d0cdd56e318b3f27539ccb5ad,ambiguous,uniform_three_quantiles,6728,472,216,0.09695391543568888,0.7122135660568569,62.78967428500073
3a77e4ef4c70dadfc77b51d929e5e78117ffb15d0cdd56e318b3f27539ccb5ad,ambiguous,oracle_local_crossfit,6848,352,112,0.08856116203033726,0.7038208126515053,33.68503563500053
41435cf2a0c580c61a93db03a524bc64a3ae7cdb17c0688871e732e721ffe30f,ambiguous,always_early,7200,0,64,0.00016482908569925847,0.4151621985725432,11.69019264599956
41435cf2a0c580c61a93db03a524bc64a3ae7cdb17c0688871e732e721ffe30f,ambiguous,random,7032,168,152,0.0003258953456057867,0.41532326483244975,26.151262459001373
41435cf2a0c580c61a93db03a524bc64a3ae7cdb17c0688871e732e721ffe30f,ambiguous,uniform_three_quantiles,6728,472,216,0.00033813584970121546,0.4153355053365452,37.38779194699964
41435cf2a0c580c61a93db03a524bc64a3ae7cdb17c0688871e732e721ffe30f,ambiguous,oracle_local_crossfit,7184,16,456,0.00038106612148913754,0.4153784356083331,76.2192710700001
4fc5a881790f6d21c12138c6d09441c289584d793284b4b2fcf0290c7534ca5a,ambiguous,always_early,7200,0,64,0.0007728308810054374,0.17968182219385775,19.055550234999828
4fc5a881790f6d21c12138c6d09441c289584d793284b4b2fcf0290c7534ca5a,ambiguous,random,6696,504,88,0.0009970859196585247,0.17990607723251084,26.480088573000103
4fc5a881790f6d21c12138c6d09441c289584d793284b4b2fcf0290c7534ca5a,ambiguous,uniform_three_quantiles,6728,472,216,0.0014326347224480895,0.1803416260353004,66.7185226620004
4fc5a881790f6d21c12138c6d09441c289584d793284b4b2fcf0290c7534ca5a,ambiguous,oracle_local_crossfit,7064,136,72,0.0006992974823713805,0.1796082887952237,22.64167962600004
507929ed5e91e253db9ea73e1e52b8c04f6c455537ff5c2d233c61df7994929a,easy,always_early,7200,0,64,0.0,0.9954022020078842,47.992600281000705
507929ed5e91e253db9ea73e1e52b8c04f6c455537ff5c2d233c61df7994929a,easy,random,7192,8,136,0.0,0.9954022020078842,100.89640542500092
507929ed5e91e253db9ea73e1e52b8c04f6c455537ff5c2d233c61df7994929a,easy,uniform_three_quantiles,6728,472,216,0.0,0.9954022020078842,152.7884690910014
507929ed5e91e253db9ea73e1e52b8c04f6c455537ff5c2d233c61df7994929a,easy,oracle_local_crossfit,7200,0,64,0.0,0.9954022020078842,47.488285523999366
562ac728211ec066e48bb3ab7391ad5df4ddf2625479182f5c2bb1a9e2dfcf03,hard,always_early,7200,0,64,0.0,0.9782020739004067,46.37241481899946
562ac728211ec066e48bb3ab7391ad5df4ddf2625479182f5c2bb1a9e2dfcf03,hard,random,6752,448,64,0.0,0.9782020739004067,46.5823273269998
562ac728211ec066e48bb3ab7391ad5df4ddf2625479182f5c2bb1a9e2dfcf03,hard,uniform_three_quantiles,6728,472,216,1.1102230246251565e-16,0.9782020739004068,148.19726721400002
562ac728211ec066e48bb3ab7391ad5df4ddf2625479182f5c2bb1a9e2dfcf03,hard,oracle_local_crossfit,7200,0,64,0.0,0.9782020739004067,43.99140666899984
59f5863b9e102973a45f38d1d58628dd96e99d7e939de2e024cbfd2c7f8c1bb5,easy,always_early,7200,0,64,2.220446049250313e-16,0.859976731536433,29.16529676400023
59f5863b9e102973a45f38d1d58628dd96e99d7e939de2e024cbfd2c7f8c1bb5,easy,random,7064,136,232,2.220446049250313e-16,0.859976731536433,103.78581049700006
59f5863b9e102973a45f38d1d58628dd96e99d7e939de2e024cbfd2c7f8c1bb5,easy,uniform_three_quantiles,6728,472,216,2.220446049250313e-16,0.859976731536433,98.65936599900124
59f5863b9e102973a45f38d1d58628dd96e99d7e939de2e024cbfd2c7f8c1bb5,easy,oracle_local_crossfit,7200,0,64,2.220446049250313e-16,0.859976731536433,29.73425030100043
61dee9e5e8e8779c60d1955790db093c908cc11c8ccbdb09e06596ca79336da7,easy,always_early,7200,0,64,0.01716866368149894,1.0,36.806535443998655
61dee9e5e8e8779c60d1955790db093c908cc11c8ccbdb09e06596ca79336da7,easy,random,7184,16,304,0.01716866368149894,1.0,178.5299664969989
61dee9e5e8e8779c60d1955790db093c908cc11c8ccbdb09e06596ca79336da7,easy,uniform_three_quantiles,6728,472,216,0.01716866368149894,1.0,121.68776378700022
61dee9e5e8e8779c60d1955790db093c908cc11c8ccbdb09e06596ca79336da7,easy,oracle_local_crossfit,7192,8,136,0.01716866368149894,1.0,83.07472880800015
73ceac1f52232f0de6b4a74044d842c3afde5ce5a3b4764354e0ac9e4f1cbff8,ambiguous,always_early,7200,0,64,1.820907252170212e-05,0.131668840305175,11.412006571999882
73ceac1f52232f0de6b4a74044d842c3afde5ce5a3b4764354e0ac9e4f1cbff8,ambiguous,random,7200,0,800,2.5121818025303222e-05,0.1316757530506786,128.3575756049995
73ceac1f52232f0de6b4a74044d842c3afde5ce5a3b4764354e0ac9e4f1cbff8,ambiguous,uniform_three_quantiles,6728,472,216,2.300688677192575e-05,0.13167363811942523,35.2889530020002
73ceac1f52232f0de6b4a74044d842c3afde5ce5a3b4764354e0ac9e4f1cbff8,ambiguous,oracle_local_crossfit,6720,480,80,2.0918809207848277e-05,0.13167155004186115,13.531753523999214
7d1f6b7a8025e5fd32fc303745f6e92f6ca89365c09392024b1162a6fad04fa9,easy,always_early,7200,0,64,0.002081785976556616,0.9776281217768826,38.28722330100027
7d1f6b7a8025e5fd32fc303745f6e92f6ca89365c09392024b1162a6fad04fa9,easy,random,7184,16,304,0.0024943234592592622,0.9780406592595853,175.1853066980002
7d1f6b7a8025e5fd32fc303745f6e92f6ca89365c09392024b1162a6fad04fa9,easy,uniform_three_quantiles,6728,472,216,0.002458805541121878,0.9780051413414479,121.09217719200024
7d1f6b7a8025e5fd32fc303745f6e92f6ca89365c09392024b1162a6fad04fa9,easy,oracle_local_crossfit,6848,352,112,0.0023667492461538764,0.9779130850464799,65.64860205399964
9d1d5b58d0556398a8b534235fa8127120a5aab7c1609adf050cca9c9196521b,ambiguous,always_early,7200,0,64,0.0003550327697879885,0.42604142109416454,10.755286083000101
9d1d5b58d0556398a8b534235fa8127120a5aab7c1609adf050cca9c9196521b,ambiguous,random,7200,0,6400,8.851602297799133e-07,0.42568727348460633,1035.774518487
9d1d5b58d0556398a8b534235fa8127120a5aab7c1609adf050cca9c9196521b,ambiguous,uniform_three_quantiles,6728,472,216,0.0009425936856790607,0.4266289820100556,37.593626598998526
9d1d5b58d0556398a8b534235fa8127120a5aab7c1609adf050cca9c9196521b,ambiguous,oracle_local_crossfit,7200,0,80,0.0006039059624955989,0.42629029428687215,14.25573469200026
9d4cfdac4814a97bdf3b982d34e8a92bd0ad2e3006fd9f6cb946f99739699882,hard,always_early,7200,0,64,2.220446049250313e-16,0.9852351849084164,35.83040711399917
9d4cfdac4814a97bdf3b982d34e8a92bd0ad2e3006fd9f6cb946f99739699882,hard,random,7200,0,80,2.220446049250313e-16,0.9852351849084164,45.91885219899996
9d4cfdac4814a97bdf3b982d34e8a92bd0ad2e3006fd9f6cb946f99739699882,hard,uniform_three_quantiles,6728,472,216,3.3306690738754696e-16,0.9852351849084166,128.54011566400004
9d4cfdac4814a97bdf3b982d34e8a92bd0ad2e3006fd9f6cb946f99739699882,hard,oracle_local_crossfit,7200,0,64,2.220446049250313e-16,0.9852351849084164,40.30628114499996
a915b48da9958ab824c1457ba350786cc6e7d93762896746ad5c713662cc894f,hard,always_early,7200,0,64,0.0,0.9887766487095523,47.34443648600063
a915b48da9958ab824c1457ba350786cc6e7d93762896746ad5c713662cc894f,hard,random,7040,160,104,0.0,0.9887766487095523,75.84660749100112
a915b48da9958ab824c1457ba350786cc6e7d93762896746ad5c713662cc894f,hard,uniform_three_quantiles,6728,472,216,0.0,0.9887766487095523,156.94454450000012
a915b48da9958ab824c1457ba350786cc6e7d93762896746ad5c713662cc894f,hard,oracle_local_crossfit,7200,0,64,0.0,0.9887766487095523,47.178293041999495
b95071879ecb8f58bdbac2476a8470adb56e0e890385f4524af492414c23d4bf,easy,always_early,7200,0,64,0.00826551247162366,0.863688628256293,11.56921220699951
b95071879ecb8f58bdbac2476a8470adb56e0e890385f4524af492414c23d4bf,easy,random,6752,448,64,0.008605760486414704,0.864028876271084,11.603035649999583
b95071879ecb8f58bdbac2476a8470adb56e0e890385f4524af492414c23d4bf,easy,uniform_three_quantiles,6728,472,216,0.01332194833381306,0.8687450641184824,34.72883423100029
b95071879ecb8f58bdbac2476a8470adb56e0e890385f4524af492414c23d4bf,easy,oracle_local_crossfit,7200,0,64,0.00853068592958306,0.8639538017142524,10.990494038998804
cb9f7a77ba39b104fff81e361b8e0810d436c801bb3ce474867c5a38fb49b3e9,hard,always_early,7200,0,64,0.03334648174152427,0.3292133873884483,10.781929636001223
cb9f7a77ba39b104fff81e361b8e0810d436c801bb3ce474867c5a38fb49b3e9,hard,random,7200,0,80,0.04491435653571868,0.3407812621826427,12.926146742000128
cb9f7a77ba39b104fff81e361b8e0810d436c801bb3ce474867c5a38fb49b3e9,hard,uniform_three_quantiles,6728,472,216,0.03272180191433799,0.328588707561262,34.70606782499999
cb9f7a77ba39b104fff81e361b8e0810d436c801bb3ce474867c5a38fb49b3e9,hard,oracle_local_crossfit,7200,0,64,0.03505869045253979,0.3309255960994638,10.528602665999642
f48b13e2644a168862f263168cbc32a5c51bf7c20d593e2dfffdb4a36e80d4b4,easy,always_early,7200,0,64,0.005453790632843569,0.9988472329607094,19.30328588699922
f48b13e2644a168862f263168cbc32a5c51bf7c20d593e2dfffdb4a36e80d4b4,easy,random,7200,0,64,0.005800157208541323,0.9991935995364072,19.58019308999974
f48b13e2644a168862f263168cbc32a5c51bf7c20d593e2dfffdb4a36e80d4b4,easy,uniform_three_quantiles,6728,472,216,0.006606557672134139,1.0,69.194124732001
f48b13e2644a168862f263168cbc32a5c51bf7c20d593e2dfffdb4a36e80d4b4,easy,oracle_local_crossfit,6752,448,64,0.006255260472356472,0.9996487028002223,20.4378141090001
f6d1d82339bdfc505da34bd824538f385118ab5118f8f155049d68486a732d63,easy,always_early,7200,0,64,0.0,0.9133036928506745,29.678929203000735
f6d1d82339bdfc505da34bd824538f385118ab5118f8f155049d68486a732d63,easy,random,7200,0,6400,0.0,0.9133036928506745,2869.393556408999
f6d1d82339bdfc505da34bd824538f385118ab5118f8f155049d68486a732d63,easy,uniform_three_quantiles,6728,472,216,0.0,0.9133036928506745,100.67387104299996
f6d1d82339bdfc505da34bd824538f385118ab5118f8f155049d68486a732d63,easy,oracle_local_crossfit,7200,0,64,0.0,0.9133036928506745,29.846843051000178
fdedc08410de4c677ead9f2fb5bb7f4c4a89d11a3832c0b737a54fa24b796625,easy,always_early,7200,0,64,0.0,0.9548895945548039,30.2155285359986
fdedc08410de4c677ead9f2fb5bb7f4c4a89d11a3832c0b737a54fa24b796625,easy,random,7032,168,152,0.0,0.9548895945548039,69.92041526600042
fdedc08410de4c677ead9f2fb5bb7f4c4a89d11a3832c0b737a54fa24b796625,easy,uniform_three_quantiles,6728,472,216,0.0,0.9548895945548039,99.35751664700001
fdedc08410de4c677ead9f2fb5bb7f4c4a89d11a3832c0b737a54fa24b796625,easy,oracle_local_crossfit,7200,0,64,0.0,0.9548895945548039,29.72517427800085
